Title,Company,Location,Type
senior python developer,"Payne, Roberts and Davis","Stewartbury, AA",Job
energy engineer,Vasquez-Davidson,"Christopherville, AA",Job
legal executive,"Jackson, Chambers and Levy","Port Ericaburgh, AA",Job
fitness centre manager,Savage-Bradley,"East Seanview, AP",Job
product manager,Ramirez Inc,"North Jamieview, AP",Job
medical technical officer,Rogers-Yates,"Davidville, AP",Job
physiological scientist,Kramer-Klein,"South Christopher, AE",Job
textile designer,Meyers-Johnson,"Port Jonathan, AE",Job
television floor manager,Hughes-Williams,"Osbornetown, AE",Job
waste management officer,"Jones, Williams and Villa","Scotttown, AP",Job
software engineer (python),Garcia PLC,"Ericberg, AE",Job
interpreter,Gregory and Sons,"Ramireztown, AE",Job
architect,"Clark, Garcia and Sosa","Figueroaview, AA",Job
meteorologist,Bush PLC,"Kelseystad, AA",Job
audiological scientist,Salazar-Meyers,"Williamsburgh, AE",Job
english as a second language teacher,"Parker, Murphy and Brooks","Mitchellburgh, AE",Job
surgeon,Cruz-Brown,"West Jessicabury, AA",Job
equities trader,Macdonald-Ferguson,"Maloneshire, AE",Job
newspaper journalist,"Williams, Peterson and Rojas","Johnsonton, AA",Job
materials engineer,Smith and Sons,"South Davidtown, AP",Job
python programmer (entry-level),"Moss, Duncan and Allen","Port Sara, AE",Job
product/process development scientist,Gomez-Carroll,"Marktown, AA",Job
"scientist, research (maths)","Manning, Welch and Herring","Laurenland, AE",Job
ecologist,"Lee, Gutierrez and Brown","Lauraton, AP",Job
materials engineer,"Davis, Serrano and Cook","South Tammyberg, AP",Job
historic buildings inspector/conservation officer,Smith LLC,"North Brandonville, AP",Job
data scientist,Thomas Group,"Port Robertfurt, AA",Job
psychiatrist,Silva-King,"Burnettbury, AE",Job
structural engineer,Pierce-Long,"Herbertside, AA",Job
immigration officer,Walker-Simpson,"Christopherport, AP",Job
python programmer (entry-level),Cooper and Sons,"West Victor, AE",Job
neurosurgeon,"Donovan, Gonzalez and Figueroa","Port Aaron, AP",Job
broadcast engineer,"Morgan, Butler and Bennett","Loribury, AA",Job
make,Snyder-Lee,"Angelastad, AP",Job
"nurse, adult",Harris PLC,"Larrytown, AE",Job
air broker,Washington PLC,"West Colin, AP",Job
"editor, film/video","Brown, Price and Campbell","West Stephanie, AP",Job
"production assistant, radio",Mcgee PLC,"Laurentown, AP",Job
"engineer, communications",Dixon Inc,"Wrightberg, AP",Job
sales executive,"Thompson, Sheppard and Ward","Alberttown, AE",Job
software developer (python),Adams-Brewer,"Brockburgh, AE",Job
futures trader,Schneider-Brady,"North Jason, AE",Job
tour manager,Gonzales-Frank,"Arnoldhaven, AE",Job
cytogeneticist,Smith-Wong,"Lake Destiny, AP",Job
"designer, multimedia",Pierce-Herrera,"South Timothyburgh, AP",Job
trade union research officer,"Aguilar, Rivera and Quinn","New Jimmyton, AE",Job
"chemist, analytical","Lowe, Barnes and Thomas","New Lucasbury, AP",Job
"programmer, multimedia","Lewis, Gonzalez and Vasquez","Port Cory, AE",Job
"engineer, broadcasting (operations)",Taylor PLC,"Gileston, AA",Job
"teacher, primary school","Oliver, Jones and Ramirez","Cindyshire, AA",Job
python developer,Rivera and Sons,"East Michaelfort, AA",Job
manufacturing systems engineer,Garcia PLC,"Joybury, AE",Job
"producer, television/film/video","Johnson, Wells and Kramer","Emmatown, AE",Job
"scientist, forensic",Gonzalez LLC,"Colehaven, AP",Job
bonds trader,"Morgan, White and Macdonald","Port Coryton, AE",Job
editorial assistant,Robinson-Fitzpatrick,"Amyborough, AA",Job
photographer,"Waters, Wilson and Hoover","Reynoldsville, AA",Job
retail banker,Hill LLC,"Port Billy, AP",Job
jewellery designer,Li-Gregory,"Adamburgh, AA",Job
ophthalmologist,"Fisher, Ryan and Coleman","Wilsonmouth, AA",Job
"back-end web developer (python, django)",Stewart-Alexander,"South Kimberly, AA",Job
licensed conveyancer,Abbott and Sons,"Benjaminland, AP",Job
futures trader,"Bryant, Santana and Davenport","Zacharyport, AA",Job
counselling psychologist,Smith PLC,"Port Devonville, AE",Job
insurance underwriter,Patterson-Singh,"East Thomas, AE",Job
"engineer, automotive",Martinez-Berry,"New Jeffrey, AP",Job
"producer, radio","May, Taylor and Fisher","Davidside, AA",Job
dispensing optician,"Bailey, Owen and Thompson","Jamesville, AA",Job
"designer, fashion/clothing",Vasquez Ltd,"New Kelly, AP",Job
chartered loss adjuster,Leblanc LLC,"Lake Antonio, AA",Job
"back-end web developer (python, django)","Jackson, Ali and Mckee","New Elizabethside, AA",Job
forest/woodland manager,"Blankenship, Knight and Powell","Millsbury, AE",Job
clinical cytogeneticist,"Patton, Haynes and Jones","Lloydton, AP",Job
print production planner,Wood Inc,"Port Jeremy, AA",Job
systems developer,Collins Group,"New Elizabethtown, AA",Job
graphic designer,Flores-Nelson,"Charlesstad, AE",Job
writer,"Mitchell, Jones and Olson","Josephbury, AE",Job
field seismologist,Howard Group,"Seanfurt, AA",Job
chief strategy officer,Kramer-Edwards,"Williambury, AA",Job
air cabin crew,Berry-Houston,"South Jorgeside, AP",Job
python programmer (entry-level),Mathews Inc,"Robertborough, AP",Job
warden/ranger,Riley-Johnson,"South Saratown, AP",Job
sports therapist,Spencer and Sons,"Hullview, AA",Job
arts development officer,Camacho-Sanchez,"Philipland, AP",Job
printmaker,Oliver and Sons,"North Patty, AE",Job
health and safety adviser,Eaton PLC,"North Stephen, AE",Job
manufacturing systems engineer,Stanley-Frederick,"Stevensland, AP",Job
"programmer, applications",Bradley LLC,"Reyesstad, AE",Job
medical physicist,"Parker, Goodwin and Zavala","Bellberg, AP",Job
media planner,Kim-Miles,"North Johnland, AE",Job
software developer (python),Moreno-Rodriguez,"Martinezburgh, AE",Job
"surveyor, land/geomatics",Brown-Ortiz,"Joshuatown, AE",Job
legal executive,Hartman PLC,"West Ericstad, AA",Job
"librarian, academic",Brooks Inc,"Tuckertown, AE",Job
barrister,Washington-Castillo,"Perezton, AE",Job
museum/gallery exhibitions officer,"Nguyen, Yoder and Petty","Lake Abigail, AE",Job
"radiographer, diagnostic",Holder LLC,"Jacobshire, AP",Job
database administrator,Yates-Ferguson,"Port Susan, AE",Job
furniture designer,Ortega-Lawrence,"North Tiffany, AA",Job
ship broker,"Fuentes, Walls and Castro","Michelleville, AP",Job
the bbc is in multiple languages,BBC,Global,News
